Date	Day	Area	What Was Done	Outcome / Result	Notes
2026-04-02	Thursday	Backend foundation	Fixed Python 3.9 compatibility issues across media CRUD, media service, media endpoint, platform registry, and OAuth-related files	Backend booted cleanly without Python union-type runtime errors	Replaced 3.10-style `type | None` usage with `Optional[...]`
2026-04-02	Thursday	Dependencies	Added missing runtime packages like `python-multipart` and verified media upload dependencies	Swagger and multipart routes became loadable after dependency fixes	Rebuild was required because dependency files changed
2026-04-02	Thursday	OAuth routing	Created and fixed login/callback routes for Facebook, Instagram, LinkedIn, Google/YouTube, and Twitter	Route registration completed and login redirects started working	YouTube uses Google OAuth route, not a separate `/youtube/login`
2026-04-02	Thursday	Infra / local dev	Established faster local workflow using Docker restart for Python code changes and rebuild only for dependency/image changes	Local iteration became faster and less disruptive	Documented when to use restart vs rebuild
2026-04-02	Thursday	Repo / deployment prep	Pushed backend code to GitHub and prepared project for Vercel / hosted frontend integration	Repository became deployable from GitHub	Force-push was used because remote had unrelated old contents
2026-04-03	Friday	Frontend MVP	Built simple Next.js frontend with dashboard, platform connect buttons, universal composer, media upload flow, and scheduled posts view	Frontend became usable locally and on Vercel	UI still needed improvement for platform-specific metadata inputs
2026-04-03	Friday	Frontend UX	Reworked composer so users enter normal platform-specific inputs instead of raw JSON and fixed YouTube login mapping	Frontend became more professional and easier to use	Backend still receives JSONB, but frontend now assembles it internally
2026-04-03	Friday	Scheduling flow	Implemented publish-now, cancel, scheduled dispatch, and worker-driven status updates	Immediate, scheduled, and cancelled post flows now work locally	Publisher is still a simulated publish step, not real provider publishing
2026-04-03	Friday	Worker / Celery	Debugged worker task registration, import cycles, datetime scheduling issues, and publisher transaction behavior	Celery now receives tasks and marks posts posted / cancelled correctly	Had to rebuild worker/beat because they do not live-mount source like backend
2026-04-03	Friday	Database security	Implemented Phase 1 text-based RLS, added session tenant context, added `tenant_id` to `post_media`, and applied Alembic migration	DB and API both now enforce tenant isolation for current string tenant IDs	RLS is only meaningful when app connects with `social_manager`, not `postgres`
2026-04-03	Friday	RLS verification	Validated tenant isolation with `tenant_123` and `tenant_999` both from SQL and from FastAPI endpoints	RLS confirmed working end-to-end	This is the current baseline for senior review
